MTB,https://www.youtube.com/watch?v=CCOII0ZuDp0,【东方MMD】若鹭姬漂浮装置！【中文字幕】,https://www.bilibili.com/video/BV1Ck2BBcEvC,2,,,
MTB,https://www.youtube.com/watch?v=DcbFKxhxSWw,[中字]琪露诺的考试题目,https://www.bilibili.com/video/BV15mUHB6Eat,2,,,
MTB,https://www.youtube.com/watch?v=Y2XiAbJk3ew,[中字]雏转圈圈圈圈~,https://www.bilibili.com/video/BV1VCYzzAETj,2,,,
MMaDness,https://www.youtube.com/watch?v=Zkd0RApYIuQ,【东方MMD】超级FUMO广告！【中字】,https://www.bilibili.com/video/BV1cunnz8EfQ,1,,,
sasa,https://www.nicovideo.jp/watch/sm30549098,【中文字幕】衣玖的结婚【东方MMD】,https://www.bilibili.com/video/BV1sx411C7wG,1,,,
ほらいむ,https://www.youtube.com/watch?v=5U8ol26MgNs,[中字]芙兰：嘎呜~要把你吃掉咯~,https://www.bilibili.com/video/BV1vF1gBAEZN,2,,,
はっちぼっち,https://www.nicovideo.jp/watch/sm30564234,【中文字幕】铃仙的灾难【东方MMD】,https://www.bilibili.com/video/BV1ux411C7sm,1,,,
二律,https://www.nicovideo.jp/watch/sm24837437,【莳乃字幕屋】东方幻想乡友谊 序章之1【东方MMD】,https://www.bilibili.com/video/BV1ix411A71b,1,,,
二律,https://www.nicovideo.jp/watch/sm25184246,【东方MMD】东方幻想乡友谊 序章之2【中文字幕-莳乃字幕屋】,https://www.bilibili.com/video/BV1Es411D75H,1,,,
sei,https://www.nicovideo.jp/watch/sm23161561,【莳乃字幕屋】博丽神社有谁来访了 第一回【东方MMD剧场】,https://www.bilibili.com/video/BV1Qx411A7bA,1,原视频非公开,原作者主页：https://www.nicovideo.jp/user/30602456,
sei,https://www.nicovideo.jp/watch/sm33940273,【东方MMD中文字幕】秘封噩梦日记后日谈【剧透预警】,https://www.bilibili.com/video/BV1RW411m71W,1,原视频非公开,,
ぱいん,https://www.nicovideo.jp/watch/sm28508727,【东方MMD中文字幕】唐伞妖怪的料理【优质推荐】,https://www.bilibili.com/video/BV1mt411h725,1,,,
ぱいん,https://www.nicovideo.jp/watch/sm33830105,【东方MMD中文字幕】从墓地到摇笼【(╯°口°)╯(┴—┴】,https://www.bilibili.com/video/BV1hW411o76n,1,,,
ぱいん,https://www.nicovideo.jp/watch/sm32616171,【东方MMD】从者的辛苦小伞绮想曲,https://www.bilibili.com/video/BV15s411p7tU,5,,,
ぱいん,https://www.nicovideo.jp/watch/sm31208717,【东方MMD】从者的辛苦一方美人,https://www.bilibili.com/video/BV15s411p7Qc,5,,,
ぱいん,https://www.nicovideo.jp/watch/sm31946122,【东方MMD】从者的辛苦嫉妒的女佣,https://www.bilibili.com/video/BV15s411p7Ry,5,,,
ぱいん,https://www.nicovideo.jp/watch/sm30362163,【东方MMD】从者的辛苦三只妖精,https://www.bilibili.com/video/BV1fs411H7UM,5,,,
原作者未知,https://www.nicovideo.jp/watch/sm31082411,【东方MMD中文字幕】月都的白色情人节【好甜啊】,https://www.bilibili.com/video/BV1uW411276y,1,,,
希ノ姫,https://www.nicovideo.jp/watch/sm28021777,【东方MMD中文字幕】最重要的朋友,https://www.bilibili.com/video/BV1Lt411m7qJ,1,,,
希ノ姫,https://www.nicovideo.jp/watch/sm27143090,【东方MMD中文字幕】芙兰想做什么,https://www.bilibili.com/video/BV1ft4112731,1,,,
希ノ姫,https://www.nicovideo.jp/watch/sm28189455,【东方MMD中文字幕】寻找希望之面,https://www.bilibili.com/video/BV1LW411S7zg,1,,,
ダブ,https://www.youtube.com/watch?v=YO828WXGHtQ,【东方MMD】东方来来轩 第16話「世界第一温柔的人」【中文字幕】,https://www.bilibili.com/video/BV1DM4y1V7gY,1,,该熟肉更清晰，建议替换,
ダブ,https://www.youtube.com/watch?v=sf1cRExe_u4,【东方MMD】东方来来轩 第15話 「女狐」【中文字幕】,https://www.bilibili.com/video/BV1ry4y167vp,1,,,
ダブ,https://www.youtube.com/watch?v=F8cyb_HSxkM,【东方MMD】东方来来轩 第14話 「錆びついた食卓」【中文字幕】,https://www.bilibili.com/video/BV14h411d7ce,1,,,
ダブ,https://www.youtube.com/watch?v=Pewm2-TeJnU,【东方MMD】东方来来轩 第13話 「客场比赛」【中文字幕】,https://www.bilibili.com/video/BV18441147UY,1,,,
ダブ,https://www.youtube.com/watch?v=MMWlEI6T5yc,【魔恋字幕组】东方来来轩 第12話 风和女人是关不住的【东方MMD】,https://www.bilibili.com/video/BV1tW411S7JK,1,,,
ダブ,https://www.youtube.com/watch?v=m_Q4l0u-D4o,【东方MMD】东方来来轩 第10話 觉大人的世代【内嵌字幕】,https://www.bilibili.com/video/BV1RW411v7y4,1,,,
ダブ,https://www.youtube.com/watch?v=DT-_7s-bs94,【东方MMD】东方来来轩 第7话 小小的爱丽丝,https://www.bilibili.com/video/BV1yx41137tp,5,,,
ダブ,https://www.youtube.com/watch?v=fQtldbztq_c,【东方MMD】东方来来轩 第8話 迈向相同的顶点,https://www.bilibili.com/video/BV1px411g7H8,5,,,
ダブ,https://www.youtube.com/watch?v=c4WU9XEiFHM,【东方MMD】东方来来轩 第9話 欢迎来到东方轩～,https://www.bilibili.com/video/BV15x41177TU,5,,,
ダブ,https://www.youtube.com/watch?v=Fw6arJFwvWc,【东方MMD】东方来来轩 第11話「恋爱的幻想」,https://www.bilibili.com/video/BV1eW411T7kq,5,,,
thplayer635,https://www.youtube.com/watch?v=QaWzP_qTJQY,【东方MMD】若鹭姬的心跳冒险【莎莎字幕组】,https://www.bilibili.com/video/BV1fp411o7BA,1,,,
ベホイミProject,https://www.nicovideo.jp/watch/sm19604197,【东方MMD】幻想十一人 #1 红魔乡篇【中文字幕】,https://www.bilibili.com/video/BV1Yx411i7qC,1,,,
ベホイミProject,https://www.nicovideo.jp/watch/sm20027990,【东方MMD】幻想十一人 #2 妖妖梦篇【中文字幕】,https://www.bilibili.com/video/BV1Jx411n7BE,1,,,
ベホイミProject,https://www.nicovideo.jp/watch/sm30114801,【东方MMD】幻想十一人APPEND #8 星莲船篇【中文字幕】,https://www.bilibili.com/video/BV1zx411D7vw,1,,,
ラウルカ,https://www.nicovideo.jp/watch/sm32323881,【第9回东方NICO童祭Ex】获得1000万元的灵梦【内嵌字幕】,https://www.bilibili.com/video/BV1cW41187zh,1,,,
15・ 369,https://www.nicovideo.jp/watch/sm28738286,【东方MMD（中文字幕）】魔理沙和秘密的书【高萌推荐】,https://www.bilibili.com/video/BV1fs411t7T3,1,,,
15・ 369,https://www.nicovideo.jp/watch/sm28996008,【东方MMD（中文字幕）】 白狼天狗与天人 【推荐】,https://www.bilibili.com/video/BV13s41117FG,1,,,
15・ 369,https://www.nicovideo.jp/watch/sm28658970,【东方MMD】 早苗的奋起,https://www.bilibili.com/video/BV1Fs41167sc,5,,,
hmt,https://www.youtube.com/shorts/Eikx2e0NEAY,【转载翻译】红魔馆的最终兵器。【东方MMD】,https://www.bilibili.com/video/BV1Q2SqBJEk8,1,,,
ピヨ吉,https://www.youtube.com/watch?v=Tp5zmrHHTj8,【转载翻译】言神里的黑妖梦酱与轻卡大叔,https://www.bilibili.com/video/BV15YUfB1EFB,1,,,
ルナルナ,https://www.youtube.com/watch?v=et0uegKUnY0,【东方MMD】请保持冷静，听我说【内嵌中文】,https://www.bilibili.com/video/BV1244y1T7ZX,1,,,
よーない,https://www.nicovideo.jp/watch/sm28446883,【东方MMD】我的门卫小姐【内嵌字幕】,https://www.bilibili.com/video/BV1ws411k7FA,1,,,
D-2,https://www.nicovideo.jp/watch/sm28954934,【东方MMD】换算成黄瓜的话大概1年份【推荐】（内嵌字幕）,https://www.bilibili.com/video/BV11s411i7LT,1,,,
D-2,https://www.nicovideo.jp/watch/sm18222591,【第4回东方nico童祭】白莲☆耳光 （内嵌字幕）,https://www.bilibili.com/video/BV16s411i7HL,1,,,
あかまと,https://www.nicovideo.jp/watch/sm31446035,【东方MMD中文内嵌】欢聚于博丽神社【温馨日常的标准结局】,https://www.bilibili.com/video/BV1oW411k76i,1,,,
あかまと,https://www.nicovideo.jp/watch/sm32761009,【东方MMD中文内嵌】惊吓与喧嚣交织的清晨,https://www.bilibili.com/video/BV1GW411C7ju,1,,,
あかまと,https://www.nicovideo.jp/watch/sm33569571,【东方MMD中文重制】未觉之恋，未见之心【觉恋？恋心？】,https://www.bilibili.com/video/BV1mW411Z7VN,1,,,
あかまと,https://www.nicovideo.jp/watch/sm30475800,【东方MMD中文内嵌】图书馆里的短暂时光【温馨日常】,https://www.bilibili.com/video/BV19W411o7qF,1,,,
あかまと,https://www.nicovideo.jp/watch/sm30252617,【东方MMD中文重制】从红魔馆到博丽神社【温（gao）馨（shi）日常】,https://www.bilibili.com/video/BV1sW411f7DU,1,,,
あかまと,https://www.nicovideo.jp/watch/sm30856283,【东方MMD中文内嵌】美铃，陪我散步吧【温馨日常】,https://www.bilibili.com/video/BV1MW411f7JW,1,,,
あかまと,https://www.nicovideo.jp/watch/sm31539639,【东方MMD中文内嵌】琪露诺和大妖精的一天【温馨日常】,https://www.bilibili.com/video/BV1fs411F7QD,1,,,
眠兄零鬼-Reiki_Nemuani-,https://www.youtube.com/watch?v=o2H6hQDeTFE,【东方MMD中文内嵌】芙兰酱、登门拜访！,https://www.bilibili.com/video/BV15A4y1Z7Vn,1,,,
昨日の会議,https://www.nicovideo.jp/watch/sm30468623,【东方MMD中文内嵌】到辉夜的墓前扫墓的妹红,https://www.bilibili.com/video/BV14T4y1C72x,1,,,
昨日の会議,https://www.nicovideo.jp/watch/sm28160441,【东方MMD中文内嵌】与恶心感斗争的少女们,https://www.bilibili.com/video/BV1U44y1p7pG,1,,,
やいちのゆっくりクラブ,https://www.youtube.com/watch?v=U_8ETAyh544,【东方MMD中文内嵌】决定把妹妹托付给灵梦,https://www.bilibili.com/video/BV1zA4y1f7oT,1,,,
メケ,https://www.youtube.com/watch?v=Gq1y1VJBIdQ,【东方MMD中文内嵌】只是一则和觉互相凝视彼此的视频,https://www.bilibili.com/video/BV1M44y1N7Jt,1,,,
メケ,https://www.youtube.com/watch?v=KlSY_VTba_Q,【东方MMD】隔壁的帕秋莉,https://www.bilibili.com/video/BV1Qr421K7fa,3,,,
メケ,https://www.youtube.com/watch?v=Wp6oGdFMUeE,【东方MMD】我是咲夜，现在在你的......,https://www.bilibili.com/video/BV1Zx4y1D75a,5,,,
メケ,https://www.youtube.com/watch?v=_UTdaSvN2z4,【东方MMD】悠闲地度过新年,https://www.bilibili.com/video/BV13K41147fx,5,,,
メケ,https://www.youtube.com/watch?v=0EFYRPCe44g,【东方MMD】被曲解了的魔丽丝炮,https://www.bilibili.com/video/BV1694y1S7uU,3,,,
メケ,https://www.youtube.com/watch?v=wF8d9KNDx8c,【东方MMD】博丽灵梦喊你起床吃早饭,https://www.bilibili.com/video/BV13W4y1C7Hc,3,,,
メケ,https://www.youtube.com/watch?v=ermp-ef095s,【东方MMD】发出myon程度的能力,https://www.bilibili.com/video/BV14u411z7Y4,5,,,
メケ,https://www.youtube.com/watch?v=omtF4Nuk9kc,【东方MMD】发现自己的狂气之瞳不管用后,https://www.bilibili.com/video/BV13a411e78s,5,,,
メケ,https://www.youtube.com/watch?v=-Fr4UsNrivQ,【东方MMD】互相依偎彼此程度的能力~主角组~,https://www.bilibili.com/video/BV1iS4y1N7nD,3,,,
メケ,https://www.youtube.com/watch?v=xN5N31no0ZU,【东方MMD】乐园的筹钱巫女,https://www.bilibili.com/video/BV1QU4y1y7n7,5,,,
メケ,https://www.youtube.com/watch?v=kieCzFfssb4,【东方MMD】门番午睡中,https://www.bilibili.com/video/BV1m541127LG,4,,,
メケ,https://www.youtube.com/watch?v=WVwOyIeHVJE,【东方MMD】磨人的迷你威严,https://www.bilibili.com/video/BV1vr4y1b7xa,4,,,
メケ,https://www.youtube.com/watch?v=Sw9hRSO_jxY,【东方MMD】魔理沙流狂气之瞳破解式,https://www.bilibili.com/video/BV1F3411T7XA,5,,,
メケ,https://www.youtube.com/watch?v=L45selYznso,【东方MMD】喜不自胜的帕秋莉,https://www.bilibili.com/video/BV1VL4y1L7mG,4,,,
メケ,https://www.youtube.com/watch?v=ViLEmbNQp2c,【东方MMD】小妖梦与楼观剑,https://www.bilibili.com/video/BV1744y137hC,5,,,
メケ,https://www.youtube.com/watch?v=dysZP3lCyNU,【东方MMD】咲夜在回收自己扔出去的刀,https://www.bilibili.com/video/BV1EY4y1z72B,4,,,
メケ,https://www.youtube.com/watch?v=Dmrhx-yvUkg,【东方MMD】依偎彼此程度的能力~幽冥组~,https://www.bilibili.com/video/BV1o54y1o7JW,5,,,
ゴキブリ3号,https://www.youtube.com/watch?v=d1EKO2DspVc,【东方MMD/转载翻译】 #35 凡是加班准没好事,https://www.bilibili.com/video/BV1UmqpBuE67,1,,,
ゴキブリ3号,https://www.youtube.com/watch?v=ehZMs8k5fes,【东方MMD/转载翻译】 #34 缘起骤临如惊雷,https://www.bilibili.com/video/BV1LhypBiEx3,1,,,
うどん猫,https://www.nicovideo.jp/watch/sm21437896,【东方MMD中文内嵌】觉大人的灾难,https://www.bilibili.com/video/BV1CW411G7WH,1,,,
うどん猫,https://www.nicovideo.jp/watch/sm20946085,【东方MMD中文内嵌】阿燐拿走了重要的帽子,https://www.bilibili.com/video/BV1UW41157Qm,1,,,
うどん猫,https://www.nicovideo.jp/watch/sm22038572,【东方MMD中文内嵌】魔理沙的芙兰营救计划,https://www.bilibili.com/video/BV1gs41137o2,1,,,
うどん猫,https://www.nicovideo.jp/watch/sm22551866,【东方MMD中文内嵌】绝不能发现恋恋的24小时【娱乐节目情节还原】,https://www.bilibili.com/video/BV15s411M7XU,1,,,
うどん猫,https://www.nicovideo.jp/watch/sm22038572,【东方MMD中文内嵌】魔理沙的芙兰营救计划,https://www.bilibili.com/video/BV1gs41137o2,1,,,
toriwakame,https://www.nicovideo.jp/watch/sm30074135,【东方MMD中文内嵌】泥土小伞【幻想乡的和平日常】,https://www.bilibili.com/video/BV17t411r7vQ,1,,,
LVがたりない,https://www.youtube.com/watch?v=Wix1O0ywhxE,【东方MMD】YOU DIED,https://www.bilibili.com/video/BV1Zj411f7RK,4,,,
LVがたりない,https://www.youtube.com/watch?v=8lTaP6UJfOY,【东方MMD】揉尾巴妖怪,https://www.bilibili.com/video/BV1LZ4y1N7nv,4,,,
LVがたりない,https://www.youtube.com/watch?v=8Z3QuGAK2a4,【东方MMD】夏莉莉,https://www.bilibili.com/video/BV1SA411E7ka,5,,,
LVがたりない,https://www.youtube.com/watch?v=fHsqx0IWq24,【东方MMD】小个子芙兰9【特別編】,https://www.bilibili.com/video/BV1kW41187Tn,4,,,
LVがたりない,https://www.youtube.com/watch?v=kocRRXunCDU,【东方MMD】小个子芙兰 1,https://www.bilibili.com/video/BV1tx411U712,4,,,
LVがたりない,https://www.youtube.com/watch?v=HWsvx_cYrwg,【东方MMD】小个子芙兰 2,https://www.bilibili.com/video/BV1ux411S7AA,4,,,
LVがたりない,https://www.youtube.com/watch?v=uXYjCK0CKlk,【东方MMD】小个子芙兰 3,https://www.bilibili.com/video/BV1Ex411m761,4,,,
LVがたりない,https://www.youtube.com/watch?v=69TSX4uJEUg,【东方MMD】小个子芙兰 4,https://www.bilibili.com/video/BV1ix411e7Lm,4,,,
LVがたりない,https://www.youtube.com/watch?v=V49_ww176Ao,【东方MMD】小个子芙兰 5,https://www.bilibili.com/video/BV1dx411Y73E,4,,,
LVがたりない,https://www.youtube.com/watch?v=G2R-CY-RzzE,【东方MMD】小个子芙兰 6,https://www.bilibili.com/video/BV1Ex41187WN,4,,,
LVがたりない,https://www.youtube.com/watch?v=bOUtQ988SNM,【东方MMD】小个子芙兰 7,https://www.bilibili.com/video/BV1Tx411V7Rq,4,,,
LVがたりない,https://www.youtube.com/watch?v=658wYxoB1WY,【东方MMD】小个子芙兰 8,https://www.bilibili.com/video/BV1xx411E7cG,4,,,
LVがたりない,https://www.youtube.com/watch?v=G-U7fGx8-PQ,【东方MMD】小个子斯卡雷特的45秒,https://www.bilibili.com/video/BV1Ys41137EM,4,,,
LVがたりない,https://www.nicovideo.jp/watch/sm28543300,【东方MMD中文内嵌】失去第三只眼的日子【剧情佳作】,https://www.bilibili.com/video/BV1FW411w7HU,1,原视频非公开,作者nico主页：https://www.nicovideo.jp/user/39096214,
LVがたりない,https://www.nicovideo.jp/watch/sm28543411,【东方MMD中文内嵌】爱丽丝和爱丽丝,https://www.bilibili.com/video/BV1uW411P7XW,1,原视频非公开,,
LVがたりない,https://twitter.com/lvgatarin/status/1347120259912749059?s=20,bb仔,https://www.bilibili.com/video/BV1Et4y1r7zi,4,原视频已删除,,
LVがたりない,https://twitter.com/lvgatarin/status/1291743772770881541?s=20,真正的西瓜射手,https://www.bilibili.com/video/BV1Ja4y1J7ed,4,,,
LVがたりない,https://www.nicovideo.jp/watch/sm33533180,【第10回东方Nico童祭】小个子露米娅和山姥,https://www.bilibili.com/video/BV1Ns411n7WJ,4,,,
LVがたりない,https://www.nicovideo.jp/watch/sm33519352,【第10回东方Nico童祭】小小的大妖精和铃兰花田的人偶,https://www.bilibili.com/video/BV1ts411J79R,4,,,
LVがたりない,https://www.nicovideo.jp/watch/sm34221790,【第10回东方nico童祭Ex】小个子芙兰和透明小姐,https://www.bilibili.com/video/BV1St411y7kf,4,,,
LVがたりない,https://www.nicovideo.jp/watch/sm35993665,【第11回东方nico童祭Ex】纳兹琳找东西,https://www.bilibili.com/video/BV12J411d7gx,4,,,
LVがたりない,https://www.nicovideo.jp/watch/sm37298704,【第12回东方nico童祭】小个子妖梦传,https://www.bilibili.com/video/BV1Ev411v7GD,4,,,
LVがたりない,https://www.nicovideo.jp/watch/sm37953568,【第12回东方nico童祭Ex】Mist【东方arrange】,https://www.bilibili.com/video/BV1Sp4y1z7vZ,4,,,
LVがたりない,https://www.nicovideo.jp/watch/sm32323059,【第9回东方nico童祭Ex】小个子蕾米！,https://www.bilibili.com/video/BV1Lx41157Wh,3,,,
LVがたりない,https://www.nicovideo.jp/watch/sm36134422,【东方MMD】和小个子蕾米芙兰她们一起装饰圣诞树,https://www.bilibili.com/video/BV1aJ411W7zn,4,,,
LVがたりない,https://www.nicovideo.jp/watch/sm32638866,【东方MMD】蓝头发的孩子的突然到来,https://www.bilibili.com/video/BV1nW411e7yp,4,,,
LVがたりない,https://www.nicovideo.jp/watch/sm33015254,【东方MMD】小个子芙兰 10,https://www.bilibili.com/video/BV1NW411K7Xq,4,,,
LVがたりない,https://www.nicovideo.jp/watch/sm32492694,【东方MMD】小个子恋恋！,https://www.bilibili.com/video/BV1uW411b7x3,4,,,
LVがたりない,https://www.nicovideo.jp/watch/sm33209015,【东方MMD】小个子恋恋和蓝色蔷薇,https://www.bilibili.com/video/BV1pp411Z7A3,4,,,
LVがたりない,https://www.nicovideo.jp/watch/sm29923588,【东方MMD】小小的大妖精与骚灵之家【补档】,https://www.bilibili.com/video/BV1UK411c7Q3,4,,,
LVがたりない,https://www.nicovideo.jp/watch/sm31445985,【第9回东方NICO童祭】小小的大妖精与积木馆EP1 -【补档】,https://www.bilibili.com/video/BV1Wv41187vE,4,,,
LVがたりない,https://www.nicovideo.jp/watch/sm35956846,【东方MMD】第11回东方NICO童祭Ex 非公式CM,https://www.bilibili.com/video/BV13J411U7KP,4,,,
LVがたりない,https://www.nicovideo.jp/watch/sm28407656,【东方MMD】小小妖精的小冒险【巨萌推荐】,https://www.bilibili.com/video/BV1qs411Q7KP,4,,,
LVがたりない,https://www.nicovideo.jp/watch/sm27048291,【东方MMD】蕾米莉亚视角的博丽神社！,https://www.bilibili.com/video/BV1As411U7o9,4,,,
LVがたりない,https://www.nicovideo.jp/watch/sm26316173,【东方MMD中文字幕】人鱼姬与饿狼,https://www.bilibili.com/video/BV1Hs411T7LV,1,原视频非公开,,
LVがたりない,https://www.nicovideo.jp/watch/sm31026241,【东方MMD】小小的大妖精和小小的世界 后篇【全程高萌】,https://www.bilibili.com/video/BV1gx411D76B,4,,,
LVがたりない,https://www.nicovideo.jp/watch/sm30723420,【东方MMD】小小的大妖精和小小的世界 前篇【全程高萌】,https://www.bilibili.com/video/BV1Ax41117Hm,4,,,
LVがたりない,https://www.nicovideo.jp/watch/sm30281949,【东方MMD】小小的大妖精＠圣诞节【全程高萌】,https://www.bilibili.com/video/BV1Es411a7tQ,4,,,
LVがたりない,https://www.nicovideo.jp/watch/sm30075648,【第8回东方NICO童祭Ex】小小的世界【东方MMD】,https://www.bilibili.com/video/BV1ss411W7QK,4,,,
LVがたりない,https://www.nicovideo.jp/watch/sm29526550,【东方MMD】小小大妖精和度过的一天【全程高萌】,https://www.bilibili.com/video/BV12s411k7ZN,4,,,
LVがたりない,https://www.nicovideo.jp/watch/sm28918725,【东方MMD】小小大妖精和恶作剧四人组【全程高萌】,https://www.bilibili.com/video/BV14s411i74B,4,,,
LVがたりない,https://www.nicovideo.jp/watch/sm26624319,【東方MMD】小小的大妖精与红白狐狸,https://www.bilibili.com/video/BV1Fs411S7Pg,4,,,
LVがたりない,https://www.nicovideo.jp/watch/sm26521820,【東方MMD】小小的大妖精与...,https://www.bilibili.com/video/BV1fs411U7dJ,4,,,
LVがたりない,https://www.nicovideo.jp/watch/sm27418153,【东方故事MMD】小小的大精灵和阳光少女（花妈）,https://www.bilibili.com/video/BV1Cs41127hs,1,,,
こーちゃD,https://www.nicovideo.jp/watch/sm28610497,【东方MMD中文重制】大小姐和从者的月下茶会【高甜剧情】,https://www.bilibili.com/video/BV1rW411Q7iA,1,,,
こーちゃD,https://www.nicovideo.jp/watch/sm29266892,【东方MMD中文重制】咲夜的过去【她曾有另一份工作...】,https://www.bilibili.com/video/BV1hW41197uD,1,,,
こーちゃD,https://www.nicovideo.jp/watch/sm28419718,【东方MMD】机器爱犬「咲夜」,https://www.bilibili.com/video/BV17s41147X8,5,,,
こーちゃD,https://www.nicovideo.jp/watch/sm29823958,【东方MMD】蕾米莉亚和不可思议的蛋,https://www.bilibili.com/video/BV1us411478d,4,,,
こーちゃD,https://www.nicovideo.jp/watch/sm29887033,【东方MMD】露米娅和芙兰的拍手游戏✋,https://www.bilibili.com/video/BV1cs411t7dJ,4,,,
きよまろ,https://www.youtube.com/watch?v=SGY1M4nY4qs,【中文内嵌】【东方MMD】妖精物语 33,https://www.bilibili.com/video/BV1K341197oZ,1,,,
きよまろ,https://www.youtube.com/watch?v=yXLzeJbjSiw,【中文内嵌】【东方MMD】妖精物语 32,https://www.bilibili.com/video/BV15A411r743,1,,,
きよまろ,https://www.youtube.com/watch?v=wMh2SZz-daw,【中文内嵌】【东方MMD】妖精物语 31,https://www.bilibili.com/video/BV19x4y177WW,1,,,
きよまろ,https://www.youtube.com/watch?v=DDX8w4B1XI4,【中文内嵌】【东方MMD】妖精物语 30,https://www.bilibili.com/video/BV1wT41117aX,1,,,
きよまろ,https://www.youtube.com/watch?v=BpCTffMmYWU,【中文内嵌】【东方MMD】妖精物语 29,https://www.bilibili.com/video/BV1mY411D7vx,1,,,
きよまろ,https://www.youtube.com/watch?v=qcf4HYDq5pw,【中文内嵌】【东方MMD】妖精物语 28,https://www.bilibili.com/video/BV18G4y1Q7EM,1,,,
きよまろ,https://www.youtube.com/watch?v=337jrZnXEQM,【中文内嵌】【东方MMD】妖精物语 27,https://www.bilibili.com/video/BV1ts4y1s7JJ,1,,,
きよまろ,https://www.youtube.com/watch?v=9HSCHti1hTw,【中文内嵌】【东方MMD】妖精物语 26,https://www.bilibili.com/video/BV1us4y1s7iF,1,,,
きよまろ,https://www.youtube.com/watch?v=mdT_Knp8hig,【中文内嵌】【东方MMD】妖精物语 25,https://www.bilibili.com/video/BV1jA411k7cZ,1,,,
きよまろ,https://www.youtube.com/watch?v=H3UHuuSp_j0,【中文内嵌】【东方MMD】妖精物语 24,https://www.bilibili.com/video/BV1ET411y7e2,1,,,
きよまろ,https://www.youtube.com/watch?v=V9aiCuPERck,【中文内嵌】【东方MMD】妖精物语 23,https://www.bilibili.com/video/BV1Gv4y1k7PK,1,,,
きよまろ,https://www.youtube.com/watch?v=wQjODmG5wMk,【中文内嵌】【东方MMD】妖精物语 22,https://www.bilibili.com/video/BV1sT41127Br,1,,,
きよまろ,https://www.youtube.com/watch?v=1XvEapn8ciM,【中文内嵌】【东方MMD】妖精物语 21,https://www.bilibili.com/video/BV1L3411d7xw,1,,,
きよまろ,https://www.youtube.com/watch?v=sGDwxPvZl00,【中文内嵌】【东方MMD】妖精物语 20,https://www.bilibili.com/video/BV1pY4y1Z7yn,1,,,
きよまろ,https://www.youtube.com/watch?v=HFSkH_IVTlQ,【中文内嵌】【东方MMD】妖精物语 19,https://www.bilibili.com/video/BV1yv4y1y7Lf,1,,,
きよまろ,https://www.youtube.com/watch?v=YLS2d2c9Q9U,【中文内嵌】【东方MMD】妖精物语 18,https://www.bilibili.com/video/BV1Dd4y157Rk,1,,,
きよまろ,https://www.youtube.com/watch?v=35IV07NSyc4,【中文内嵌】【东方MMD】妖精物语 17,https://www.bilibili.com/video/BV113411m7uE,1,,,
きよまろ,https://www.youtube.com/watch?v=7SJemGBVdqg,【中文内嵌】【东方MMD】妖精物语 16,https://www.bilibili.com/video/BV1j84y1e788,1,,,
きよまろ,https://www.youtube.com/watch?v=t6PizCKkJGg,【中文内嵌】【东方MMD】妖精物语 15,https://www.bilibili.com/video/BV1614y1G7FH,1,,,
きよまろ,https://www.youtube.com/watch?v=msboXtM4YaE,【中文内嵌】【东方MMD】妖精物语 14,https://www.bilibili.com/video/BV1h8411E7oy,1,,,
きよまろ,https://www.youtube.com/watch?v=saay_xj3xzQ,暂无转载,,1,百度网盘：https://pan.baidu.com/s/1gFr--j3V6eGqnXrFWSZyXw?pwd=ixic,,
きよまろ,https://www.youtube.com/watch?v=CgIlh5Pdjcs,【中文内嵌】【东方MMD】妖精物语 12,https://www.bilibili.com/video/BV1Xe4y1G7nh,1,,,
きよまろ,https://www.youtube.com/watch?v=OyHTzqe9vNY,【中文内嵌】【东方MMD】妖精物语 11,https://www.bilibili.com/video/BV1yM411y7vx,1,,,
きよまろ,https://www.youtube.com/watch?v=z61I-KNbkd8,【中文内嵌】【东方MMD】妖精物语 10 第二物语（开幕）,https://www.bilibili.com/video/BV1Z3411D7Qr,1,,,
きよまろ,https://www.youtube.com/watch?v=P1qneZlZx1M,【中文内嵌】【东方MMD】妖精物语 09,https://www.bilibili.com/video/BV1dY411U7Ly,1,,,
きよまろ,https://www.youtube.com/watch?v=evK5Dv65_BA,【中文内嵌】【东方MMD】妖精物语 08,https://www.bilibili.com/video/BV1Pd4y1Y7xg,1,,,
きよまろ,https://www.youtube.com/watch?v=q54oSU_kdZE,【中文内嵌】【东方MMD】妖精物语 07,https://www.bilibili.com/video/BV1x841177bb,1,,,
きよまろ,https://www.youtube.com/watch?v=oGK4TovI9-w,【中文内嵌】【东方MMD】妖精物语 06,https://www.bilibili.com/video/BV1FP41137gB,1,,,
きよまろ,https://www.youtube.com/watch?v=3F8g4SayXDA,【中文内嵌】【东方MMD】妖精物语 05,https://www.bilibili.com/video/BV11P4y117qV,1,,,
きよまろ,https://www.youtube.com/watch?v=edmjbV-O_vA,【中文内嵌】【东方MMD】妖精物语 04,https://www.bilibili.com/video/BV12W4y1s7z5,1,,,
きよまろ,https://www.youtube.com/watch?v=k4kEAmweolI,【中文内嵌】【东方MMD】妖精物语 03,https://www.bilibili.com/video/BV1z84y1y7AU,1,,,
きよまろ,https://www.youtube.com/watch?v=J_iJq0hPUHE,【中文内嵌】【东方MMD】妖精物语 02,https://www.bilibili.com/video/BV1M24y127fo,1,,,
きよまろ,https://www.youtube.com/watch?v=Qvl7f6VtYr4,【中文内嵌】【东方MMD】妖精物语 01,https://www.bilibili.com/video/BV11d4y1F7rE,1,,,
きよまろ,https://www.youtube.com/watch?v=itNp5fTNXhM,【东方ММD中文内嵌】寺子屋的小朋友们,https://www.bilibili.com/video/BV1gZ4y137kV,1,,,
きよまろ,https://www.youtube.com/watch?v=Jybs8u-7ShI,【东方MMD/魔恋字幕组】铃仙的第一个好朋友,https://www.bilibili.com/video/BV14W4y1H7AN,1,,,
はさみ,https://www.youtube.com/watch?v=FZDiLSKta5Q,【东方MMD中文内嵌】Mooning Routine（满月惯例）,https://www.bilibili.com/video/BV12b4y1R7bQ,1,原视频已删除,作者销号,
888tyuta,https://www.youtube.com/watch?v=zteed11uiB8,【东方MMD】正义之心【中文字幕】,https://www.bilibili.com/video/BV1qoq5BcEg2,1,,,
888tyuta,https://www.youtube.com/watch?v=jQjUk5Ltne0,【东方MMD】生日惊喜【中文字幕】,https://www.bilibili.com/video/BV16cqYBHEfJ,1,,,
888tyuta,https://www.youtube.com/watch?v=7R173xBYrBU,【东方MMD】极其无意义的徒劳争执【中文字幕】,https://www.bilibili.com/video/BV1C8mBBAEgq,1,,,
Mitsune Itenami,https://www.youtube.com/watch?v=2IddnRopYC0,【东方MMD】Snow memory. Short animation.,https://www.bilibili.com/video/BV1zm4y1F7mX,4,,,
しずむ浮き輪,https://m.youtube.com/shorts/bbC27Ekqk20,东方牛郎俱乐部　10秒東方【東方MMD中文内嵌】,https://www.bilibili.com/video/BV1v3qJBTE7j,1,,,
しずむ浮き輪,https://m.youtube.com/shorts/md0VGcIVYig,被打太多了  10秒東方【東方MMD】,https://www.bilibili.com/video/BV17sq8BuExx,1,,,
しずむ浮き輪,https://m.youtube.com/shorts/I3awTGqWXh8,记忆捏造系作品　10秒東方【東方MMD中文内嵌】,https://www.bilibili.com/video/BV1vWBFBnESR,1,,,
on T,https://www.youtube.com/watch?v=4fmpdu3QwJA,【东方ＭＭＤ番外】月夜咲花篇 ＃15END 熟肉,https://www.bilibili.com/video/BV15rqVBpEfQ,1,,,
on T,https://www.youtube.com/watch?v=Q0QZVnLgoH0,【东方ＭＭＤ番外】月夜咲花篇 ＃14 熟肉,https://www.bilibili.com/video/BV1WFqGBaEMS,1,,,
on T,https://www.youtube.com/watch?v=6zJjp-EC8yQ,【东方ＭＭＤ番外】月夜咲花篇 ＃13 熟肉,https://www.bilibili.com/video/BV1pMm2BnEYL,1,,,
on T,https://www.youtube.com/watch?v=8Vwbd-Yx8Sc,【东方ＭＭＤ番外】月夜咲花篇 ＃12 熟肉,https://www.bilibili.com/video/BV1RDmBBUEjw,1,,,
on T,https://www.youtube.com/watch?v=xvlisqtTP6c,【东方ＭＭＤ】先代篇 ＃3 熟肉,https://www.bilibili.com/video/BV13fm7BXEVv,1,,,
on T,https://www.youtube.com/watch?v=Ow7GjPghDXI,【东方ＭＭＤ番外】月夜咲花篇 ＃11 熟肉,https://www.bilibili.com/video/BV1NYmMBSEJU,1,,,
on T,https://www.youtube.com/watch?v=PZsgAP2dt8E,【东方ＭＭＤ番外】红魔篇＃0熟肉,https://www.bilibili.com/video/BV14MmEB2EYA,1,,,
on T,https://www.youtube.com/watch?v=Z2e1Os6JmH8,【东方ＭＭＤ番外】月夜咲花篇 ＃10 熟肉,https://www.bilibili.com/video/BV1YQm4BJEDX,1,,,
ひまやー屋【暇つぶしの動画】,https://www.youtube.com/watch?v=7EBGSmc8sjo,【东方ＭＭＤ】命莲寺的日常：心酱的脸好可爱❤️ 中篇【熟肉 纸芝居】,https://www.bilibili.com/video/BV1YpmYBYEh2,1,,,
おばにわん - OBANIWAN channel [touhou mmd],https://www.youtube.com/watch?v=3zbJY3MmsfU,【东方MMD】饭纲丸大人、39度暴走 【中文字幕】,https://www.bilibili.com/video/BV1qRqZBHEcT,1,,,
ワッキュウ,https://www.youtube.com/watch?v=m6qq-2XAZ80,【东方MMD中文内嵌】女仆魔理沙 第四话,https://www.bilibili.com/video/BV1psTvzBE1X,1,,,
ワッキュウ,https://www.youtube.com/watch?v=2cflGprQIX0,【东方MMD中文内嵌】来给饭纲丸的家翻新吧！,https://www.bilibili.com/video/BV1MvGGzwECx,1,,,
ワッキュウ,https://www.youtube.com/watch?v=q02QgAQtv-8,【东方MMD中文内嵌】无所不知的爱丽丝~,https://www.bilibili.com/video/BV1vr8FzJETX,1,,,
ワッキュウ,https://www.youtube.com/watch?v=xmGDv1Lrrj4,【东方MMD中文内嵌】一反常态的帕秋莉大人~,https://www.bilibili.com/video/BV1xbbCzWEZS,1,,,
ワッキュウ,https://www.youtube.com/watch?v=KojkH5_NKy0,【东方MMD中文内嵌】女仆魔理沙 第五话,https://www.bilibili.com/video/BV1jUbCz6E5K,1,,,
ワッキュウ,https://www.youtube.com/watch?v=S6GHpPQrRro,【东方MMD中文内嵌】女仆魔理沙 第六话,https://www.bilibili.com/video/BV15c8RzKEbY,1,,,
ワッキュウ,https://www.youtube.com/watch?v=hqP4WOPbNCg,【东方MMD中文内嵌】让红魔馆来解决问题吧！,https://www.bilibili.com/video/BV1J98dzUEpi,1,,,
ワッキュウ,https://www.youtube.com/watch?v=Qn5lQ0yMfTQ,【东方MMD中文内嵌】红魔馆最强战力大排名！,https://www.bilibili.com/video/BV1ixbJzMEjG,1,,,
ワッキュウ,https://www.youtube.com/watch?v=WZ-OFnEeTB8,【东方MMD中文内嵌】古明地觉的苦难一日 第一集,https://www.bilibili.com/video/BV1gaHLzAEBE,1,,,
ワッキュウ,https://www.youtube.com/watch?v=wVH29DbfJlw,【东方MMD中文内嵌】饭纲丸龙的演讲,https://www.bilibili.com/video/BV1iZxQzREqj,1,,,
ワッキュウ,https://www.youtube.com/watch?v=5ZG0ujBIR0U,【东方MMD中文内嵌】古明地觉的苦难一日 第二集,https://www.bilibili.com/video/BV1ST43zhEJk,1,,,
ワッキュウ,https://www.youtube.com/watch?v=5ZG0ujBIR0U,【东方MMD中文内嵌】古明地觉的苦难一日 最终话,https://www.bilibili.com/video/BV1ST43zhE1w,1,,,
ワッキュウ,https://www.youtube.com/watch?v=2JIIRH55GB0,【东方MMD中文内嵌】爱丽丝的巨型歌利亚人偶！,https://www.bilibili.com/video/BV1YQ2uBaE1k,1,,,
ワッキュウ,https://www.nicovideo.jp/watch/sm45261893,【东方MMD】茨木童子的兴趣,https://www.bilibili.com/video/BV1fLtez7EYf,5,,,
momo_toshima,https://www.nicovideo.jp/watch/sm36651401,【东方MMD】水桥帕露西（ハイドアンド・シーク）,https://www.bilibili.com/video/BV1P5411t7AK,4,,,
momo_toshima,https://www.nicovideo.jp/watch/sm36330480,【东方MMD】水桥帕露西【GimmexGimme】,https://www.bilibili.com/video/BV17741187uh,4,,,
momo_toshima,https://www.nicovideo.jp/watch/sm36234340,【东方MMD】琪露诺＆大妖精【白い雪のプリンセスは】,https://www.bilibili.com/video/BV1L7411q7f6,4,,,
momo_toshima,https://www.nicovideo.jp/watch/sm36078548,【东方MMD】ン水桥帕露西（人生リセットボタン）,https://www.bilibili.com/video/BV1eJ411C7ZH,4,,,
momo_toshima,https://www.nicovideo.jp/watch/sm35987632,【东方MMD】太陽系デスコ（水桥帕露西）,https://www.bilibili.com/video/BV1KJ411d7Lp,4,,,
momo_toshima,https://www.nicovideo.jp/watch/sm35857197,【MMD杯ZERO2参加動画】水桥帕露西（テオ）,https://www.bilibili.com/video/BV1YE41117oZ,4,,,
momo_toshima,https://www.nicovideo.jp/watch/sm35736837,【东方MMD】ヒバナ（水桥帕露西）,https://www.bilibili.com/video/BV1FE411Q7gD,4,,,
momo_toshima,https://www.nicovideo.jp/watch/sm35644112,【东方MMD】水桥帕露西（スクランブル交際）,https://www.bilibili.com/video/BV1w441117nd,4,,,
momo_toshima,https://www.nicovideo.jp/watch/sm35257636,【东方MMD】Booo!（水桥帕露西）,https://www.bilibili.com/video/BV1f4411P7Ni,4,,,
momo_toshima,https://www.nicovideo.jp/watch/sm35161480,【东方MMD】不要妨碍事,https://www.bilibili.com/video/BV1q4411L7rV,4,,,
momo_toshima,https://www.nicovideo.jp/watch/sm35072457,【东方MMD】帕露西演唱会,https://www.bilibili.com/video/BV1S4411v7vR,4,,,
momo_toshima,https://www.nicovideo.jp/watch/sm34859277,【东方MMD】ゆめゆめ（水桥帕露西）1080P,https://www.bilibili.com/video/BV1Xb411x7Vg,4,,,
すぎ,https://www.nicovideo.jp/watch/sm29550860,【东方MMD】蕾米莉亚刷牙,https://www.bilibili.com/video/BV1Hs41167V7,5,,,
アスク,https://www.nicovideo.jp/watch/sm27108358,【东方MMD】秘境的若鹭姬　～迷惑天子～,https://www.bilibili.com/video/BV1Ts411U78k,3,,,
アスク,https://www.nicovideo.jp/watch/sm25693487,【東方MMD】秘境的若鹭姬~大酱见习~,https://www.bilibili.com/video/BV1ox411A7iV,5,,,
アスク,https://www.nicovideo.jp/watch/sm31452710,【施工完毕】【第9回东方nico童祭】封兽鵺的思潮,https://www.bilibili.com/video/BV1Gx41167nn,3,,,
テンドアサヒ,https://www.nicovideo.jp/watch/sm34579291,【東方MMD】八云紫大人的想法,https://www.bilibili.com/video/BV1Qb411r7r4,5,,,
テンドアサヒ,https://www.youtube.com/watch?v=y8cRuK5nOkk,【东方MMD】面职人爱丽丝,https://www.bilibili.com/video/BV1AW411N743,5,,,
テンドアサヒ,https://www.youtube.com/watch?v=2en1NY9TR_A,【东方MMD】转卖厨灵梦,https://www.bilibili.com/video/BV1wW411N7Gz,5,,,
テンドアサヒ,https://www.youtube.com/watch?v=AlqNZ7tlDc0,【东方MMD】灵梦「感觉最近好像有点热？」,https://www.bilibili.com/video/BV1yr4y1m7dq,5,,,
テンドアサヒ,https://www.youtube.com/watch?v=hbqpakLvG0g,【东方MMD】是报应哦！布都酱！,https://www.bilibili.com/video/BV1EP4y1n73S,5,,,
テンドアサヒ,https://www.youtube.com/watch?v=7FJ0qQx4yeU,【东方MMD风4格】上这种体育课我人都跟不上,https://www.bilibili.com/video/BV1Zr4y1m7zo,5,,,
せいろ丸,https://www.youtube.com/watch?v=KO0xzal1M2E,【东方MMD】推特动画合集（せいろ丸）,https://www.bilibili.com/video/BV1P34y1z7hb,5,,,
fetusdream,https://www.youtube.com/watch?v=sb1j_M2c3L4,【东方MMD中文内嵌】古明地觉咨询室,https://www.bilibili.com/video/BV1ywsozyEEf,1,,,
fetusdream,https://www.youtube.com/watch?v=KvVbGLyP63Q,【东方MMD中文内嵌】地底组的宴会,https://www.bilibili.com/video/BV1BvsdzPEq3,1,,,
PhanthakanXD,https://www.youtube.com/watch?v=lJufqhPgP1k,【东方SFM中文内嵌】怎么把蛋糕变成没烤过的,https://www.bilibili.com/video/BV1Gi4y1s7qJ,1,,,
PhanthakanXD,https://www.youtube.com/watch?v=i33t7fYMElU,[东方SFM] 一百万...円？！[中字],https://www.bilibili.com/video/BV1EcVdzTEPC,1,,,
PhanthakanXD,https://www.youtube.com/watch?v=EWBjaVAkgdw,[SFM/东方] Bravy girl「ONSEN PROJECT」(Fan animation),https://www.bilibili.com/video/BV1Q34y1s7GP,4,,,
PhanthakanXD,https://www.youtube.com/watch?v=qn0MzugegJ8,【SFM/东方】悠悠式,https://www.bilibili.com/video/BV1wW421R7UC,5,,,
PhanthakanXD,https://www.youtube.com/watch?v=R354YWsPS6I,【SFM】短片合集,https://www.bilibili.com/video/BV1ix4y1Q7wk,4,,,
PhanthakanXD,https://www.youtube.com/watch?v=7p73ijPI8So,【东方SFM】17号城市,https://www.bilibili.com/video/BV1Vk4y1j71k,5,,,
PhanthakanXD,https://www.youtube.com/watch?v=Wy9xPNUg_JM,【东方SFM】1公斤钢 VS 1公斤羽毛,https://www.bilibili.com/video/BV1yv411g77q,3,,,
PhanthakanXD,https://www.youtube.com/watch?v=rsHhujAlWHI,【东方SFM】Yippe!,https://www.bilibili.com/video/BV1DM4y1b7QE,3,,,
PhanthakanXD,https://www.youtube.com/watch?v=Wv3B8qVQUww,【东方SFM】阿燐的实验事故+舞蹈,https://www.bilibili.com/video/BV1Wj411o7F6,4,,,
PhanthakanXD,https://www.youtube.com/watch?v=cROkKc_fbQA,【东方SFM/中英双字】纯狐妈妈受够了Among Us,https://www.bilibili.com/video/BV1KG411E74d,1,,,
PhanthakanXD,https://www.youtube.com/watch?v=7IrPBq7DWHU,【东方SFM】弹幕对决,https://www.bilibili.com/video/BV1i44y1x7pj,4,,,
PhanthakanXD,https://www.youtube.com/watch?v=DIqLacpZBVE,"""【东方SFM】第一视角: 你是魔理沙, 正在和爱丽丝约会...""",https://www.bilibili.com/video/BV1QW4y1X7LM,5,,,
PhanthakanXD,https://www.youtube.com/watch?v=ASsIPyEZ6A8,【东方SFM】恶作剧,https://www.bilibili.com/video/BV1nd4y147Pa,4,,,
PhanthakanXD,https://www.youtube.com/watch?v=ljKbkKNyFnQ,【东方SFM】芙兰的Among us挑战!,https://www.bilibili.com/video/BV1nY411o7Ph,5,,,
PhanthakanXD,https://www.youtube.com/watch?v=VGVwGtJC730,【东方SFM】芙兰朵露问答环节,https://www.bilibili.com/video/BV1bM4y1k7Qq,3,,,
PhanthakanXD,https://www.youtube.com/watch?v=mQXnIwoAXgg,【东方SFM】芙兰和魔理沙,https://www.bilibili.com/video/BV1PK411q7YJ,5,,,
PhanthakanXD,https://www.youtube.com/watch?v=_ur_XbnGqvs,【东方SFM】芙兰想要一本带有脏话的书,https://www.bilibili.com/video/BV1de411G7oZ,3,,,
PhanthakanXD,https://www.youtube.com/watch?v=cbb9xG7YXWw,【东方SFM】光合作用,https://www.bilibili.com/video/BV1Ga4y1G7dp,4,,,
PhanthakanXD,https://www.youtube.com/watch?v=2EJwFXDD1YA,【东方SFM】鸡蛋,https://www.bilibili.com/video/BV1mj411K7A4,2,,,
PhanthakanXD,https://www.youtube.com/watch?v=oTGHTKT1ZEY,【东方SFM】寂寞,https://www.bilibili.com/video/BV1eL41197e5,4,,,
PhanthakanXD,https://www.youtube.com/watch?v=UnDp1wXjoJ8,【东方SFM】恋恋的军团要塞2,https://www.bilibili.com/video/BV17G4y1y7Qj,4,,,
surume,https://www.youtube.com/watch?v=7HHVOTluzYc,【东方MMD/中文内嵌】有用的宠物菅牧典！,https://www.bilibili.com/video/BV1i4qrBiEFs,1,,,
PhanthakanXD,https://www.youtube.com/watch?v=rW_3Lh6VJqI,【东方SFM】燐喵喵,https://www.bilibili.com/video/BV1Nc411w7Cr,4,,,
PhanthakanXD,https://www.youtube.com/watch?v=NkBohSKKHRA,【东方SFM】魔理沙独自一人在森林里,https://www.bilibili.com/video/BV1iP411N77G,4,,,
PhanthakanXD,https://www.youtube.com/watch?v=JGzylnfT5fo,【东方SFM】魔理沙强迫露米娅吃卷心菜,https://www.bilibili.com/video/BV1DB4y1h7PS,3,,,
PhanthakanXD,https://www.youtube.com/watch?v=46GBEIyrUNU,【东方SFM】判定点,https://www.bilibili.com/video/BV1CP4y1u7KL,4,,,
PhanthakanXD,https://www.youtube.com/watch?v=_MkEHHLIQo0,【东方SFM】琪骗,https://www.bilibili.com/video/BV1wu411C7XB,4,,,
PhanthakanXD,https://www.youtube.com/watch?v=W4sv54psyto,【东方SFM】身后,https://www.bilibili.com/video/BV16s4y1S7n7,4,,,
PhanthakanXD,https://www.youtube.com/watch?v=scRgynxu7zE,【东方SFM】我是否应该改行？,https://www.bilibili.com/video/BV1Hg411n7LE,4,,,
PhanthakanXD,https://www.youtube.com/watch?v=ax160SYVMWg,【东方SFM】我要把我的猫放麦克风上了,https://www.bilibili.com/video/BV1cg411h7jj,4,,,
PhanthakanXD,https://www.youtube.com/watch?v=kQDATHUuOFA,【东方SFM】无题,https://www.bilibili.com/video/BV1jF411W7YV,5,,,
PhanthakanXD,https://www.youtube.com/watch?v=H5GTlYbWpnM,【东方SFM】希望我不会来的太晚,https://www.bilibili.com/video/BV1xG41157xC,4,,,
PhanthakanXD,https://www.youtube.com/watch?v=4QJfz0BZz-M,【东方SFM】现代东方,https://www.bilibili.com/video/BV1T24y127dp,4,,,
PhanthakanXD,https://www.youtube.com/watch?v=mdTrxpeciq4,【东方SFM】小伞把辉夜吓得屁滚尿流,https://www.bilibili.com/video/BV16N411h7Kd,5,,,
PhanthakanXD,https://www.youtube.com/watch?v=cGIwnnmzCgg,【东方SFM】怎么亲你的朋友不显得很gay,https://www.bilibili.com/video/BV1fz4y1t77k,3,,,
PhanthakanXD,https://www.youtube.com/watch?v=UrJbbSq_P_k,【东方SFM】侦察兵与久侘歌,https://www.bilibili.com/video/BV1B14y1Y75W,3,,,
PhanthakanXD,https://www.youtube.com/watch?v=H04XLt19AoQ,学习SFM两年的成果,https://www.bilibili.com/video/BV1QL411X7Va,4,,,
PhanthakanXD,原视频未找到,【东方MMD】假如博丽灵梦是便利店员工,https://www.bilibili.com/video/BV15nKjzvEzB,4,,,
PhanthakanXD,https://www.youtube.com/watch?v=RMFyvESw45Y,【东方MMD/SFM】来大图书馆玩的琪露诺和大妖精 （⑨和她的fumo #7）,https://www.bilibili.com/video/BV1MeKjzdEug,5,,,
PhanthakanXD,https://www.youtube.com/watch?v=jvpk4lKWb3Q,【东方MMD/SFM】找你一起玩的伊吹萃香~,https://www.bilibili.com/video/BV1DheAztEFY,4,,,
PhanthakanXD,https://www.youtube.com/watch?v=9EpLcoGMPjI,【东方SFM】⑨和她的fumo #1,https://www.bilibili.com/video/BV1Cb4y1n7PK,4,,,
PhanthakanXD,https://www.youtube.com/watch?v=evYz4l-b1kY,【东方SFM】⑨和她的fumo #2,https://www.bilibili.com/video/BV1Cb4y1n7PK?p=2,3,,,
PhanthakanXD,https://www.youtube.com/watch?v=b3e4AvE3OIA,【东方SFM】⑨和她的fumo #3,https://www.bilibili.com/video/BV1Cb4y1n7PK?p=3,3,,,
PhanthakanXD,https://www.youtube.com/watch?v=ez8SbR5RLMo,【东方SFM】⑨和她的fumo #4,https://www.bilibili.com/video/BV1Cb4y1n7PK?p=4,5,,,
PhanthakanXD,https://www.youtube.com/watch?v=MwZfE-gVspI,【东方SFM】⑨和她的fumo #5,https://www.bilibili.com/video/BV1Cb4y1n7PK?p=5,3,,,
PhanthakanXD,https://www.youtube.com/watch?v=DlUZBLHNr3U,【东方SFM】⑨和她的fumo #5.5,没找到转载,,,,
PhanthakanXD,https://www.youtube.com/watch?v=pf-q-BhtXxw,【东方SFM】⑨和她的fumo #6,https://www.bilibili.com/video/BV1Kp4y1j7jc,5,评论区有翻译,,
PhanthakanXD,https://www.youtube.com/watch?v=AyI-pS_q5ME,【东方SFM】萃香在军团要塞2,https://www.bilibili.com/video/BV1jP4y1v7Tc,1,,,
PhanthakanXD,https://www.youtube.com/watch?v=iJw8b4roC7k,【东方SFM】猫耳琪露诺,https://www.bilibili.com/video/BV1zL4y1j7mC,4,,,
PhanthakanXD,https://www.youtube.com/watch?v=QiPIbAkJpq8,【东方SFM】美铃喜欢冰淇淋,https://www.bilibili.com/video/BV1JY4y1a78d,4,,,
PhanthakanXD,https://www.youtube.com/watch?v=ZxrD8r9pzTE,【东方MMD】大家一起来Dancin,https://www.bilibili.com/video/BV1c3411H7cx,1,,,
PhanthakanXD,https://twitter.com/PhanthakanXD/status/1658271392553484288,【东方SFM】“我吃了只猫”,https://www.bilibili.com/video/BV1rX4y117JR,1,,,
PhanthakanXD,https://www.youtube.com/watch?v=MRPdWrl6IyE,【东方SFM中文内嵌】琪露诺秀：1公斤钢铁和1公斤羽毛哪个更重,https://www.bilibili.com/video/BV1FY411Y7x8,1,,,
PhanthakanXD,https://twitter.com/PhanthakanXD/status/1578481617093689345,萃香在军团要塞2（1/2）,https://www.bilibili.com/video/BV1VP411J7MV,4,,,
PhanthakanXD,https://twitter.com/PhanthakanXD/status/1586427613123588096,【东方SFM】万圣节快乐！,https://www.bilibili.com/video/BV1jg41167K7,4,,,
PhanthakanXD,https://twitter.com/PhanthakanXD/status/1608539139003289601,【东方SFM】狛犬中流行的特殊萌曲,https://www.bilibili.com/video/BV1b44y1R7wk,4,,,
PhanthakanXD,https://twitter.com/PhanthakanXD/status/1619426874236735488,【东方SFM】⑨,https://www.bilibili.com/video/BV1y24y1z7KF,1,,,
PhanthakanXD,https://twitter.com/PhanthakanXD/status/1621156505239322627,"""【东方SFM】Give me a drink, bartender""",https://www.bilibili.com/video/BV1Ad4y1p7PH,4,,,
PhanthakanXD,https://twitter.com/PhanthakanXD/status/1621473670031114242,"""【东方SFM】Give me a drink, bartender 好结局""",https://www.bilibili.com/video/BV1Y84y1575p,4,,,
PhanthakanXD,https://twitter.com/PhanthakanXD/status/1628766088505999360,【东方SFM】黄油狗,https://www.bilibili.com/video/BV1vY411k7Sg,4,,,
PhanthakanXD,https://twitter.com/PhanthakanXD/status/1632944472614113280,【东方SFM】宇宙fumo现身,https://www.bilibili.com/video/BV1724y1G7q1,4,,,
PhanthakanXD,https://twitter.com/PhanthakanXD/status/1636349497864523780,【东方SFM】🦊,https://www.bilibili.com/video/BV1qY4y1Q7AU,4,,,
PhanthakanXD,https://twitter.com/PhanthakanXD/status/1642389317384572928,【东方SFM】战术月兔,https://www.bilibili.com/video/BV1YN411N71K,4,,,
PhanthakanXD,https://twitter.com/PhanthakanXD/status/1654904602066845696,【东方SFM】久侘歌的喜怒哀乐,https://www.bilibili.com/video/BV1zL411a7bb,1,,,
PhanthakanXD,https://twitter.com/PhanthakanXD/status/1661784395894894592,【东方SFM】“埋了39个，找到了0个”,https://www.bilibili.com/video/BV1Mk4y1W7MD,1,,,
PhanthakanXD,https://twitter.com/PhanthakanXD/status/1671215975172276224,【东方SFM】“我需要来点咖啡”,https://www.bilibili.com/video/BV1Mm4y1e766,1,,,
PhanthakanXD,https://twitter.com/PhanthakanXD/status/1687801318189240320,【东方SFM】:D,https://www.bilibili.com/video/BV1Wz4y1s7eG,4,,,
PhanthakanXD,https://twitter.com/PhanthakanXD/status/1714942806597456077,【东方SFM】烹饪小动画,https://www.bilibili.com/video/BV1Zh4y1q76S,4,,,
PhanthakanXD,https://www.youtube.com/watch?v=lP8tQYZAY2A,【东方SFM】轻轻地开门,https://www.bilibili.com/video/BV1J6WweoESy,5,,,
PhanthakanXD,https://www.youtube.com/watch?v=SCcHZvfh7l8,【东方SFM】危害人类罪,https://www.bilibili.com/video/BV1rS411A7rF,3,,,
PhanthakanXD,https://www.youtube.com/watch?v=W45lvJV0FzU,【东方SFM】半条命2：秘封俱乐部版,https://www.bilibili.com/video/BV1mQ4y157aq,5,,,
PhanthakanXD,https://www.youtube.com/watch?v=gtAjBbODPAU,【东方SFM】PhanthakanXD的东方动画合集 2023,https://www.bilibili.com/video/BV1Xw411g7bY,5,,,
PhanthakanXD,https://www.youtube.com/watch?v=SiSjN4yhFNg,【东方SFM】宵暗舞者,https://www.bilibili.com/video/BV1kN411G7PM,4,,,
PhanthakanXD,https://www.youtube.com/watch?v=sjqV1Nh0Vsc,【东方SFM】别把手放在铁杆之间,https://www.bilibili.com/video/BV1fC4y1n71N,5,,,
PhanthakanXD,https://www.youtube.com/watch?v=volTsatSXdE,【东方SFM】妖梦被吓坏了,https://www.bilibili.com/video/BV1qu4y1s7N9,4,,,
PhanthakanXD,https://www.youtube.com/watch?v=6HyvocaJVEI,【东方SFM】先生，请问能和我...,https://www.bilibili.com/video/BV1hK4y1F7qp,5,,,
PhanthakanXD,https://www.youtube.com/watch?v=9_prXM3uU00,【东方SFM】魔理沙在博丽神社,https://www.bilibili.com/video/BV1F14y1r7sr,5,,,
"""网站上""""エリクラ蒲団店""""的视频不是东方视频""",,,,,,,
Renard,https://www.youtube.com/watch?v=JBN9JJnPmWU,【东方MMD】绀熟葡萄味【KIRIN Mets广告】,https://www.bilibili.com/video/BV1Ry4y1r7Tx,4,,,
Renard,https://www.youtube.com/watch?v=VZosOOhGz-I,【东方MMD】古明地恋的日子,https://www.bilibili.com/video/BV16e411W7Jj,4,,,
Renard,https://www.youtube.com/shorts/Ur7ydAwYtkE,【东方MMD】蕾米莉亚的诱惑,https://www.bilibili.com/video/BV1GATyzyE3U,4,,,
Renard,https://www.youtube.com/watch?v=SSARVWJQwnk,【东方MMD】试图捉弄姐姐的芙兰~,https://www.bilibili.com/video/BV1ArWAzxE2S,4,,,
Renard,https://www.youtube.com/watch?v=uTTzfsIB30o,【东方MMD】守 矢 入 侵,https://www.bilibili.com/video/BV1JTWAzUExf,4,,,
Renard,https://www.youtube.com/watch?v=VZosOOhGz-I,【東方MMD】要解雇阿麟吗？,https://www.bilibili.com/video/BV177411R75X,5,,,
Renard,https://www.youtube.com/watch?v=ORraOGmDelE,【东方MMD】我接了……它来了……Fumo,https://www.bilibili.com/video/BV1PV4y1p7zZ,4,,,
Renard,https://www.youtube.com/watch?v=cdYi8h9Pk9A,【东方MMD】纳米纯狐,https://www.bilibili.com/video/BV1sB4y1W7WC,4,,,
Renard,https://www.youtube.com/watch?v=HeyarFGxO5o,【东方MMD】正邪超速雷达,https://www.bilibili.com/video/BV1jv4y1T7JS,4,,,
Renard,https://www.youtube.com/watch?v=AV3fW1EfRn8,【东方MMD】炸弹兔,https://www.bilibili.com/video/BV16Y411x7Un,4,,,
Renard,https://www.youtube.com/watch?v=sxJKBQYJyfQ,【东方MMD】不够,https://www.bilibili.com/video/BV1X54y1E7bs,4,,,
Renard,https://www.youtube.com/watch?v=7MIjSitJH28,【东方MMD】给我能量饮料，调酒师 第2个版本,https://www.bilibili.com/video/BV1uV41147T6,4,,,
Renard,https://www.youtube.com/watch?v=To9wBkW3_LI,【东方MMD】15万久侘歌势力,https://www.bilibili.com/video/BV1mU4y1H7a8,4,,,
Renard,https://www.youtube.com/watch?v=0OrBZZdriZA,【东方MMD】为什么吓不了,https://www.bilibili.com/video/BV13V411B7YG,4,,,
Renard,https://www.youtube.com/watch?v=BllO3Bje2Mg,【东方MMD】⑨算数→数学⑨,https://www.bilibili.com/video/BV1EQ4y1b7CM,4,,,
Renard,https://www.youtube.com/watch?v=NiK2ZJoGRGo,【东方MMD】🖐️☹⚐✞☜😐✞❄✌😐✌✎,https://www.bilibili.com/video/BV1HL411J7s8,4,,,
Renard,https://www.youtube.com/watch?v=nPYn7gD2-QA,【东方MMD】兔耳摇啊摇,https://www.bilibili.com/video/BV1BM4y1K7rY,4,,,
Renard,https://www.youtube.com/watch?v=6IyB6TeZU-8,【东方MMD】贪吃的露米娅,https://www.bilibili.com/video/BV1LT4y1A71y,4,,,
Renard,https://www.youtube.com/watch?v=wibnkPcAiho,【东方MMD】无意识的恋恋【慎入】,https://www.bilibili.com/video/BV1cC4y1t7fj,4,,,
Renard,https://www.youtube.com/watch?v=O9eHQ8DH7hg,【东方MMD】铃瑚和清兰跳霹雳舞,https://www.bilibili.com/video/BV1YH4y1k7L8,4,,,
Renard,https://twitter.com/Renard_0117/status/1465727333445349388,【东方MMD】熬夜的人应该受到小伞酱的袭击,https://www.bilibili.com/video/BV1L341147Xp,4,,,
Renard,https://twitter.com/Renard_0117/status/1456365639585591296,【东方MMD】纯狐愤怒,https://www.bilibili.com/video/BV1tQ4y1m7he,4,,,
Renard,https://twitter.com/Renard_0117/status/1398233829064658952,【东方MMD】给我能量饮料，调酒师,https://www.bilibili.com/video/BV1zK4y1R7og,4,,,
Renard,https://twitter.com/Renard_0117/status/1381908116501975047,【东方MMD】喂食,https://www.bilibili.com/video/BV1r54y1b7MQ,4,,,
Renard,https://twitter.com/Renard_0117/status/1341250024525549568,【东方MMD】逃跑,https://www.bilibili.com/video/BV1Ui4y1573y,4,,,
Renard,https://twitter.com/Renard_0117/status/1334786704599748609,【东方MMD】四季映姬与鸡妹,https://www.bilibili.com/video/BV1va411F728,4,,,
Renard,https://twitter.com/Renard_0117/status/1334491102821326848,【东方MMD】放在那里好,https://www.bilibili.com/video/BV1Ep4y1z7VT,4,,,
Renard,https://twitter.com/Renard_0117/status/1300424298339868673,【东方MMD】全蛋迫害宴！,https://www.bilibili.com/video/BV1yz4y1f7Fr,4,,,
Renard,https://twitter.com/Renard_0117/status/1303586434847182848,【东方MMD】发现食材不对劲的久侘歌,https://www.bilibili.com/video/BV1Sa4y1L7oJ,4,,,
Renard,https://twitter.com/Renard_0117/status/1360586667619307520,【东方MMD】最后一根团子,https://www.bilibili.com/video/BV1Vb4y1R798,4,,,
Renard,https://twitter.com/Renard_0117/status/1368250632524599299,【东方MMD】为Fumo铃瑚注入灵魂,https://www.bilibili.com/video/BV1of4y147fH,4,,,
Renard,https://twitter.com/Renard_0117/status/1372823606976151555,【东方MMD】AWOOOOO,https://www.bilibili.com/video/BV12N411Q7pS,4,,,
Renard,https://twitter.com/Renard_0117/status/1374224722385276928,【东方MMD】Renard作者500粉丝纪念,https://www.bilibili.com/video/BV1Ty4y1t7GX,4,,,
Renard,https://twitter.com/Renard_0117/status/1394254086975811584,【东方MMD】谜,https://www.bilibili.com/video/BV1hb4y1o7d6,4,,,
Renard,https://twitter.com/Renard_0117/status/1395365337894371329,【东方MMD】铃瑚的威斯克冲刺,https://www.bilibili.com/video/BV1dU4y157Jt,4,,,
Renard,https://twitter.com/Renard_0117/status/1414193316699148290,【东方MMD】₍₍(ノᗜˬᗜ)ノ⁾⁾,https://www.bilibili.com/video/BV15B4y1N7Fm,4,,,
Renard,https://twitter.com/Renard_0117/status/1422184454345269249,【东方MMD】担心你的铃瑚酱,https://www.bilibili.com/video/BV1Yb4y1r7sJ,1,,,
Renard,https://twitter.com/Renard_0117/status/1473294259445186565,【东方MMD】铃瑚的企鹅俱乐部之舞,https://www.bilibili.com/video/BV11L4y1n7TY,4,,,
Renard,https://twitter.com/Renard_0117/status/1510605623250935809,【东方MMD】大小姐的背后好像跟着什么,https://www.bilibili.com/video/BV1fZ4y1m76N,4,,,
Renard,https://twitter.com/Renard_0117/status/1543557144590438400,【东方MMD】前期放B有多狠，后期被揍有多惨,https://www.bilibili.com/video/BV1jv4y1T75z,4,,,
Renard,https://twitter.com/Renard_0117/status/1544300100351954944,【东方MMD】因为取消解雇而感激的阿燐,https://www.bilibili.com/video/BV1af4y1Z7Pj,1,,,
Renard,https://twitter.com/Renard_0117/status/1546150042662105088,【东方MMD】被外界科技吓到的饭纲丸龙,https://www.bilibili.com/video/BV1HY4y1J7hQ,4,,,
Renard,https://twitter.com/Renard_0117/status/1562081156451176448,【东方MMD】“我先去极乐世界了，晚安”,https://www.bilibili.com/video/BV12Y4y1F7cX,4,,,
Renard,https://twitter.com/Renard_0117/status/1571402684078657537,【东方MMD】ringo in moon sector,https://www.bilibili.com/video/BV1t14y1Y747,4,,,
Renard,https://twitter.com/Renard_0117/status/1616818724178374659,【东方MMD】铃瑚FUMO旋转26秒,https://www.bilibili.com/video/BV1jG4y1c7JG,4,,,
Renard,https://twitter.com/Renard_0117/status/1620089262959128576,【东方MMD】畜生界三巨头,https://www.bilibili.com/video/BV19T411o7eh,4,,,
Renard,https://twitter.com/Renard_0117/status/1624566295030296576,【东方MMD】Maxwell the cat,https://www.bilibili.com/video/BV13T411Q7xn,4,,,
Renard,https://twitter.com/Renard_0117/status/1629099716209426434,【东方MMD】Renard作者27岁生日纪念,https://www.bilibili.com/video/BV1vv4y1e7My,1,,,
Renard,https://twitter.com/Renard_0117/status/1632471040692572160,【东方MMD】打算送给妹妹的视频,https://www.bilibili.com/video/BV1Xs4y1V7J9,4,,,
Renard,https://twitter.com/Renard_0117/status/1649785817337069568,【东方MMD】铃瑚正在骑三轮车,https://www.bilibili.com/video/BV1Vk4y1Y7LA,4,,,
Renard,https://twitter.com/Renard_0117/status/1723401304691937776,【东方MMD】“救命呐！”,https://www.bilibili.com/video/BV1Kj411a7Ni,4,,,
Renard,https://twitter.com/Renard_0117/status/1732905327987765356,【东方MMD】小铃瑚，但是地面技术很好,https://www.bilibili.com/video/BV1ta4y1d778,4,,,
Renard,https://twitter.com/Renard_0117/status/1739065921950679431,【东方MMD】圣诞快乐🎄🎁,https://www.bilibili.com/video/BV1di4y187ze,4,,,
Renard,https://twitter.com/Renard_0117/status/1384479592015007752,【东方MMD】熊孩子,https://www.bilibili.com/video/BV1NV411J7aB,4,,,
Renard,https://twitter.com/Renard_0117/status/1417474481728098306,【东方MMD】虎与鼠的日常,https://www.bilibili.com/video/BV1164y1z7Go,4,,,
Renard,https://twitter.com/Renard_0117/status/1490327428966748161,【东方MMD】旋转破坏,https://www.bilibili.com/video/BV1t44y1W7Jv,4,,,
Renard,https://twitter.com/Renard_0117/status/1494763652825636866,【东方MMD】Jump Scare,https://www.bilibili.com/video/BV1eS4y1F7aM,4,,,
レミフラの遊び場@yuki,https://www.nicovideo.jp/watch/sm31442351,【东方MMD中文内嵌】特别讲师蕾米莉亚【东方日常字幕组】,https://www.bilibili.com/video/BV1Wx411H74K,1,,,
レミフラの遊び場@yuki,https://www.nicovideo.jp/watch/sm30885828,【东方MMD】红魔馆秘密会议,https://www.bilibili.com/video/BV1Gx411k7MS,5,,,
K16,https://www.nicovideo.jp/watch/sm23872868,【东方日常字幕组】东方K-1大奖赛【东方日常字幕组】,https://www.bilibili.com/video/BV1GW411L7cQ,1,,,
K16,https://www.nicovideo.jp/watch/sm21225604,【东方MMD中文内嵌】PRIDE规则始入幻想乡【东方日常字幕组】,https://www.bilibili.com/video/BV1AW411a7nc,1,,,
K16,https://www.nicovideo.jp/watch/sm32322128,【东方MMD中文内嵌】文文。SPORT！序章雷鼓×华扇假面(GFC) 【东方日常字幕组】【第9回东方nico童祭Ex】,https://www.bilibili.com/video/BV1hx41157sk,1,,,
K16,https://www.nicovideo.jp/watch/sm37131452,【东方MMD】幻想棒球【中文字幕】,https://www.bilibili.com/video/BV1dNHXzLELZ,1,,,
Hoxton Texas,https://www.youtube.com/watch?v=MuvYBmm0u8U,[中字]纯狐单挑幻想乡！！！,https://www.bilibili.com/video/BV1ZoWtznEcr,2,,,
Hoxton Texas,https://www.youtube.com/watch?v=_nyEplEkdgs,【中字】幻想乡妈妈的攀比大法【东方MMD】,https://www.bilibili.com/video/BV1RLx4z7ErN,2,,,
Hoxton Texas,https://www.youtube.com/watch?v=lPj-qVnlWRE,【东方MMD/中英双字】唱起卖药调的铃仙,https://www.bilibili.com/video/BV1dyDAYTEqG,1,,,
MTB,https://www.youtube.com/watch?v=dEi2DSjF29I,[中字]回答这个谜题！[东方Project],https://www.bilibili.com/video/BV18f8izCE79,2,,,
MTB,https://www.youtube.com/watch?v=Dwsjzd19t08,[中英字幕]小伞是怎么跟魔理沙打招呼的,https://www.bilibili.com/video/BV1D1Jaz6EEk,1,,,
MTB,https://www.youtube.com/watch?v=stUc3l9HrJQ,[中英字幕]出轨Two Time,https://www.bilibili.com/video/BV1dXVqzUEaD,2,,,
MTB,https://www.youtube.com/watch?v=HMlX1mY8wzA,【中英字幕】小五侦探！,https://www.bilibili.com/video/BV1JLRBYUEM9,2,,,
MTB,https://www.youtube.com/watch?v=6MFWvuAHwBc,[中英双语]东方里的普通好猫咪~,https://www.bilibili.com/video/BV1Z2ASevE4e,2,,,
MTB,https://www.youtube.com/watch?v=wGkQKhLxNlA,【东方MMD】🐢[中英字幕],https://www.bilibili.com/video/BV12PA5e7EeW,2,,,
MTB,https://www.youtube.com/watch?v=7YoxxW1D74k,【东方MMD/中英双字】厨艺大师永琳,https://www.bilibili.com/video/BV1K6DoY6ELo,1,,,
MTB,https://www.youtube.com/watch?v=4xLcxf3HRN4,【东方MMD】好像在发生什么事,https://www.bilibili.com/video/BV1JG411N7pv,2,,,
MTB,https://www.youtube.com/watch?v=VanGYHJwXeA,【东方MMD/中英双字】觉的热线,https://www.bilibili.com/video/BV158411p7aV,1,,,
MTB,https://www.youtube.com/watch?v=OvO842Ds-R8,【东方MMD】古明地觉『告别水仙』(中日歌词附),https://www.bilibili.com/video/BV1TS4y1V7fS,1,,,
MTB,https://www.youtube.com/watch?v=FjVch0UsBjk,【东方MMD】古明地恋『杀手皇后』(完整版),https://www.bilibili.com/video/BV1Uu411U7nY,2,,,
MTB,https://www.youtube.com/watch?v=4jN2nG-dJlM,【东方MMD/中英双字】妹红闻汽油,https://www.bilibili.com/video/BV1qL411t74e,1,,,
MTB,https://www.youtube.com/watch?v=WuFvvc7oEdg,【东方MMD/中英双字】热狗,https://www.bilibili.com/video/BV12f4y1P7WV,1,,,
MTB,https://www.youtube.com/watch?v=I860q-IDjfI,【东方MMD/中英双字】是你拥有猫吗？,https://www.bilibili.com/video/BV1Fy4y1G7az,1,,,
